<?xml version="1.0" encoding="UTF-8"?>

<configuration>
    <!-- 指定日志文件的存储地址，使用绝对路径 -->
    <property name="LOG_HOME" value="D:/uni-app2/soft-news/soft-news-service-admin"/>

    <!-- Console 输出设置 -->
    <appender name="CONSOLE" class="ch.qos.logback.core.ConsoleAppender">
        <encoder>
            <!--格式化输出：%d表示日期，%thread表示线程名，%-5level：级别从左显示5个字符宽度%msg：日志消息，%n是换行符-->
            <pattern>%white(%d{mm:ss.SSS}) %green([%thread]) %cyan(%-5level) %yellow(%logger{36}) %magenta(-) %black(%msg%n)</pattern>
            <charset>utf8</charset>
        </encoder>
    </appender>

    <!-- 按照每天生成日志文件 -->
    <appender name="FILE" class="ch.qos.logback.core.rolling.RollingFileAppender">
        <rollingPolicy class="ch.qos.logback.core.rolling.TimeBasedRollingPolicy">
            <!-- 日志文件输出的文件名 -->
            <fileNamePattern>${LOG_HOME}/service-user.%d{yyyy-MM-dd}.log</fileNamePattern>
        </rollingPolicy>
        <encoder>
            <pattern>%d{yyyy-MM-dd HH:mm:ss.SSS} [%thread] %-5level %logger{36} - %msg%n</pattern>
        </encoder>
    </appender>

    <!--<logger name="org.apache.ibatis.cache.decorators.LoggingCache" level="DEBUG" additivity="false">-->
    <!--<appender-ref ref="CONSOLE"/>-->
    <!--</logger>-->

    <root level="info">
        <appender-ref ref="FILE"/>
        <appender-ref ref="CONSOLE"/>
    </root>
</configuration>