<?xml version="1.0" encoding="UTF-8"?>
<!DOCTYPE mapper PUBLIC "-//mybatis.org//DTD Mapper 3.0//EN" "http://mybatis.org/dtd/mybatis-3-mapper.dtd">
<mapper namespace="com.soft1851.admin.mapper.AdminUserMapper">
  <resultMap id="BaseResultMap" type="com.soft1851.pojo.AdminUser">
    <!--
      WARNING - @mbg.generated
    -->
    <id column="id" jdbcType="VARCHAR" property="id" />
    <result column="username" jdbcType="VARCHAR" property="username" />
    <result column="password" jdbcType="VARCHAR" property="password" />
    <result column="face_id" jdbcType="VARCHAR" property="faceId" />
    <result column="admin_name" jdbcType="VARCHAR" property="adminName" />
    <result column="created_time" jdbcType="TIMESTAMP" property="createdTime" />
    <result column="updated_time" jdbcType="TIMESTAMP" property="updatedTime" />
  </resultMap>
</mapper>